{
  "commands": [
    {
      "b": "Here are the commands for this game: "
    },
    {
      "b": "Draw: Picks up a card from the draw pile and transfers it to your hand."
    },
    {
      "b": "Play (of card): Puts specified card on top of the discard pile if the move is legal."
    },
    {
      "b": "Uno (of card): Plays the card if the card is legal and if you would have one card left in your hand after playing it."
    },
    {
      "b": "Uno2: When the other player only has one card and has not called uno yet, you can call uno on them to make them draw four cards."
    },
    {
      "b": "Rules: Lists the rules of Uno out."
    },
    {
      "b": "Commands: Lists the commands of this game."
    }
  ]
}