{
  "rules": [
    {
      "a": "Here are the rules for our Uno: "
    },
    {
      "a": "Both you and the AI are dealt 7 cards (either Number, Action cards, or Wild cards)."
    },
    {
      "a": "The rest are placed in the Draw pile. The top card of the Draw pile begins the Discard pile."
    },
    {
      "a": "Try to match the card on top of the Discard pile by number, color, or action."
    },
    {
      "a": "If you have no matches, you must draw a card from the Draw pile. This continues until you have two cards left."
    },
    {
      "a": "On that turn, you must play 'Uno'. If you do not play 'Uno' and the AI plays 'Uno' on their next turn, you will draw four new cards as penalty."
    },
    {
      "a": "Similarly, if The AI does not play 'Uno' on the turn they have two cards left and you play 'Uno' on your turn, the AI will draw four new cards as penalty."
    },
    {
      "a": "The player who plays all cards in their hands first wins."
    }
  ]
}